[{"Total Loan Outstanding, FBs":"As a % of total outstanding loans","":"","Total Deposits, PSBs":"As a % of total deposits","Total Deposits, PVBs":"As a % of total deposits","Total Deposits, RRBs":"As a % of total deposits","Total Deposits, FBs":"As a % of total deposits","Total Deposits, All SCBs":"Rs.Billion","Total Loan Outstanding, PSBs":"YoY %","Total Loan Outstanding, PVBs":"YoY %","Total Loan Outstanding, RRBs":"YoY %","Total Loan Outstanding, All SCBs":"Rs.Billion"},{"Total Loan Outstanding, FBs":"7.3","":"2002","Total Deposits, PSBs":"75.1","Total Deposits, PVBs":"16.0","Total Deposits, RRBs":"3.9","Total Deposits, FBs":"5.0","Total Deposits, All SCBs":"11233.9","Total Loan Outstanding, PSBs":"","Total Loan Outstanding, PVBs":"","Total Loan Outstanding, RRBs":"","Total Loan Outstanding, All SCBs":"6559.9"},{"Total Loan Outstanding, FBs":"7.1","":"2003","Total Deposits, PSBs":"74.7","Total Deposits, PVBs":"16.9","Total Deposits, RRBs":"3.9","Total Deposits, FBs":"4.5","Total Deposits, All SCBs":"12762.0","Total Loan Outstanding, PSBs":"13.18","Total Loan Outstanding, PVBs":"24.58","Total Loan Outstanding, RRBs":"19.90","Total Loan Outstanding, All SCBs":"7559.7"},{"Total Loan Outstanding, FBs":"7.2","":"2004","Total Deposits, PSBs":"73.7","Total Deposits, PVBs":"17.8","Total Deposits, RRBs":"4.8","Total Deposits, FBs":"3.7","Total Deposits, All SCBs":"15112.7","Total Loan Outstanding, PSBs":"14.94","Total Loan Outstanding, PVBs":"21.51","Total Loan Outstanding, RRBs":"15.02","Total Loan Outstanding, All SCBs":"8803.1"},{"Total Loan Outstanding, FBs":"6.6","":"2005","Total Deposits, PSBs":"74.2","Total Deposits, PVBs":"17.9","Total Deposits, RRBs":"3.5","Total Deposits, FBs":"4.4","Total Deposits, All SCBs":"17468.1","Total Loan Outstanding, PSBs":"32.56","Total Loan Outstanding, PVBs":"30.35","Total Loan Outstanding, RRBs":"25.63","Total Loan Outstanding, All SCBs":"11524.7"},{"Total Loan Outstanding, FBs":"6.6","":"2006","Total Deposits, PSBs":"71.9","Total Deposits, PVBs":"19.4","Total Deposits, RRBs":"3.4","Total Deposits, FBs":"5.3","Total Deposits, All SCBs":"20911.7","Total Loan Outstanding, PSBs":"31.53","Total Loan Outstanding, PVBs":"33.49","Total Loan Outstanding, RRBs":"12.10","Total Loan Outstanding, All SCBs":"15138.4"},{"Total Loan Outstanding, FBs":"6.9","":"2007","Total Deposits, PSBs":"70.6","Total Deposits, PVBs":"20.6","Total Deposits, RRBs":"3.1","Total Deposits, FBs":"5.6","Total Deposits, All SCBs":"25970.4","Total Loan Outstanding, PSBs":"27.84","Total Loan Outstanding, PVBs":"28.76","Total Loan Outstanding, RRBs":"30.60","Total Loan Outstanding, All SCBs":"19471.0"},{"Total Loan Outstanding, FBs":"6.7","":"2008","Total Deposits, PSBs":"71.2","Total Deposits, PVBs":"20.2","Total Deposits, RRBs":"3.0","Total Deposits, FBs":"5.5","Total Deposits, All SCBs":"32499.5","Total Loan Outstanding, PSBs":"-53.22","Total Loan Outstanding, PVBs":"21.98","Total Loan Outstanding, RRBs":"20.96","Total Loan Outstanding, All SCBs":"24170.1"},{"Total Loan Outstanding, FBs":"3.2","":"2009","Total Deposits, PSBs":"73.5","Total Deposits, PVBs":"18.2","Total Deposits, RRBs":"3.0","Total Deposits, FBs":"5.2","Total Deposits, All SCBs":"39219.8","Total Loan Outstanding, PSBs":"225.74","Total Loan Outstanding, PVBs":"9.11","Total Loan Outstanding, RRBs":"15.45","Total Loan Outstanding, All SCBs":"51913.8"},{"Total Loan Outstanding, FBs":"4.9","":"2010","Total Deposits, PSBs":"74.2","Total Deposits, PVBs":"17.7","Total Deposits, RRBs":"3.1","Total Deposits, FBs":"5.0","Total Deposits, All SCBs":"45610.3","Total Loan Outstanding, PSBs":"19.93","Total Loan Outstanding, PVBs":"12.88","Total Loan Outstanding, RRBs":"23.84","Total Loan Outstanding, All SCBs":"33451.7"},{"Total Loan Outstanding, FBs":"4.9","":"2011","Total Deposits, PSBs":"74.6","Total Deposits, PVBs":"18.0","Total Deposits, RRBs":"3.0","Total Deposits, FBs":"4.4","Total Deposits, All SCBs":"53895.5","Total Loan Outstanding, PSBs":"21.53","Total Loan Outstanding, PVBs":"23.88","Total Loan Outstanding, RRBs":"18.56","Total Loan Outstanding, All SCBs":"40756.5"},{"Total Loan Outstanding, FBs":"5.0","":"2012","Total Deposits, PSBs":"74.5","Total Deposits, PVBs":"18.1","Total Deposits, RRBs":"0.0","Total Deposits, FBs":"4.5","Total Deposits, All SCBs":"60782.4","Total Loan Outstanding, PSBs":"16.70","Total Loan Outstanding, PVBs":"22.13","Total Loan Outstanding, RRBs":"18.62","Total Loan Outstanding, All SCBs":"48032.7"},{"Total Loan Outstanding, FBs":"4.8","":"2013","Total Deposits, PSBs":"74.3","Total Deposits, PVBs":"18.7","Total Deposits, RRBs":"2.9","Total Deposits, FBs":"4.0","Total Deposits, All SCBs":"70126.2","Total Loan Outstanding, PSBs":"14.30","Total Loan Outstanding, PVBs":"18.86","Total Loan Outstanding, RRBs":"16.73","Total Loan Outstanding, All SCBs":"55253.2"},{"Total Loan Outstanding, FBs":"4.8","":"2014","Total Deposits, PSBs":"73.9","Total Deposits, PVBs":"18.8","Total Deposits, RRBs":"2.9","Total Deposits, FBs":"4.3","Total Deposits, All SCBs":"79557.2","Total Loan Outstanding, PSBs":"12.94","Total Loan Outstanding, PVBs":"15.90","Total Loan Outstanding, RRBs":"16.94","Total Loan Outstanding, All SCBs":"62820.8"},{"Total Loan Outstanding, FBs":"4.9","":"2015","Total Deposits, PSBs":"72.9","Total Deposits, PVBs":"19.7","Total Deposits, RRBs":"3.0","Total Deposits, FBs":"4.4","Total Deposits, All SCBs":"89221.1","Total Loan Outstanding, PSBs":"7.18","Total Loan Outstanding, PVBs":"17.37","Total Loan Outstanding, RRBs":"14.07","Total Loan Outstanding, All SCBs":"68784.7"},{"Total Loan Outstanding, FBs":"5.0","":"2016","Total Deposits, PSBs":"70.6","Total Deposits, PVBs":"21.5","Total Deposits, RRBs":"3.2","Total Deposits, FBs":"4.6","Total Deposits, All SCBs":"95995.3","Total Loan Outstanding, PSBs":"4.01","Total Loan Outstanding, PVBs":"26.48","Total Loan Outstanding, RRBs":"14.13","Total Loan Outstanding, All SCBs":"75226.4"},{"Total Loan Outstanding, FBs":"4.5","":"2017","Total Deposits, PSBs":"69.4","Total Deposits, PVBs":"23.0","Total Deposits, RRBs":"3.4","Total Deposits, FBs":"4.2","Total Deposits, All SCBs":"107300.3","Total Loan Outstanding, PSBs":"1.54","Total Loan Outstanding, PVBs":"17.33","Total Loan Outstanding, RRBs":"11.05","Total Loan Outstanding, All SCBs":"79178.7"},{"Total Loan Outstanding, FBs":"4.2","":"2018","Total Deposits, PSBs":"66.9","Total Deposits, PVBs":"25.4","Total Deposits, RRBs":"3.4","Total Deposits, FBs":"4.2","Total Deposits, All SCBs":"114344.5","Total Loan Outstanding, PSBs":"6.50","Total Loan Outstanding, PVBs":"20.68","Total Loan Outstanding, RRBs":"11.12","Total Loan Outstanding, All SCBs":"87669.7"},{"Total Loan Outstanding, FBs":"","":"2019","Total Deposits, PSBs":"","Total Deposits, PVBs":"","Total Deposits, RRBs":"","Total Deposits, FBs":"","Total Deposits, All SCBs":"","Total Loan Outstanding, PSBs":"","Total Loan Outstanding, PVBs":"","Total Loan Outstanding, RRBs":"","Total Loan Outstanding, All SCBs":""}]